name,url,version
Remote Control for Mag 250 box,,1.02
ps402d-Print service from 402d,,0.2.2
自动连点器-按键精灵&图片识别,,1.02.04
Genius AI Chat & AI Writer,https://d.apkpure.com/b/APK/net.itify.aichat?version=latest,1.0.18
Skin Mobile Legend Pro,https://d.apkpure.com/b/APK/com.stll.mxws?version=latest,5.1
CHAIZER+,https://d.apkpure.com/b/APK/com.shareasy.saudiarabia?version=latest,9.3.4
Spark NZ,https://d.apkpure.com/b/XAPK/nz.co.telecom.smartphone.android?version=latest,3.11.2
电子产品：ElectroCalc,https://d.apkpure.com/b/APK/calculation.world.electronics_calculator?version=latest,34
F1 Rockets VPN-Fast & Private,https://d.apkpure.com/b/APK/com.netspeedup.tom?version=latest,1.4.20
Bluetooth Notifier & Security,https://d.apkpure.com/b/APK/com.world.globle.bluetoothnotifier.rs?version=latest,1.4
E-Office Tabalong,https://d.apkpure.com/b/APK/com.kominfo.eotab?version=latest,2.2.16
Bubble Screen Translate,https://d.apkpure.com/b/APK/com.niven.translator?version=latest,4.1.4
IP Tracker & Location Info,https://d.apkpure.com/b/APK/com.iptracker.traceip.location.ipaddress?version=latest,8.0
THE KING VPN,https://d.apkpure.com/b/APK/com.kingvpn.http?version=latest,4.7
Smarty Men Jacket Photo Editor,https://d.apkpure.com/b/APK/com.smarty.jacket.photo.eidtor?version=latest,3.0.1
Xn VPN - Fast & Secure,https://d.apkpure.com/b/XAPK/com.xnvpn.security.fastsecurevpn?version=latest,1.8.8
iTrackSafeX,https://d.apkpure.com/b/XAPK/com.itracksafe.tracker?version=latest,1.0.209
Remote Control for Mag 250 box,https://d.apkpure.com/b/APK/com.RemoteforMag250.Remoteapp?version=latest,1.02
ps402d-Print service from 402d,https://d.apkpure.com/b/XAPK/ru.a402d.printservice?version=latest,0.2.2
自动连点器-按键精灵&图片识别,https://d.apkpure.com/b/APK/com.crtyt.autoclicker?version=latest,1.02.04
Device Tracker Plus,https://d.apkpure.com/b/APK/com.bostondigital.devicetrackerplus?version=latest,6.2.7
照片恢复 - 回收文件,https://d.apkpure.com/b/APK/com.recyclebin.videorecovery.recoverdeletedvideos.datarecovery?version=latest,2.0.17
Age Calculator,https://d.apkpure.com/b/APK/com.arunpaul.agecalculator?version=latest,v2.0
身份验证器 - 身份验证应用程序,https://d.apkpure.com/b/APK/com.app.authenticator?version=latest,1.0.4
FON VPN,https://d.apkpure.com/b/APK/com.app.fonvpn?version=latest,1.2.0
Frigga Track,https://d.apkpure.com/b/APK/com.friggatech.friggatrack?version=latest,1.11.29
Мой МКС,https://d.apkpure.com/b/APK/ooo.mcs.mcs?version=latest,1.1.21
Sixfast-海外华人解锁大陆国内影音游戏专用回国VPN,https://d.apkpure.com/b/APK/com.qeeyou.apps.accelerator.overseas?version=latest,2.3.2
Video Proxy Pro - Ultra Fast,https://d.apkpure.com/b/XAPK/com.blackvpn.maxprovpnlive?version=latest,1.0.7
Teleskop App,https://d.apkpure.com/b/APK/com.teleskop?version=latest,2.7.3
Track My Ride,https://d.apkpure.com/b/XAPK/com.trackmyride.trackmyride?version=latest,2.6.4
Speaking Clock,https://d.apkpure.com/b/APK/com.vp.clock.digital.speaking?version=latest,5.1.9
Epson L3100 L Series Guide,https://d.apkpure.com/b/APK/com.epsonnol3100llseriessguide.app?version=latest,2
多功能计算器,https://d.apkpure.com/b/XAPK/com.jee.calc?version=latest,1.8.1
auto clicker app for game: FFF,https://d.apkpure.com/b/APK/com.lembark.autoclicker.autotapper?version=latest,4.0
Fossil Gen 6 Smartwatch Guide,https://d.apkpure.com/b/XAPK/com.eyadalalimi.fossilgen6?version=latest,32
Mi Tienda Nicaragua,https://d.apkpure.com/b/APK/com.millicomni.mitienda?version=latest,2.19.0
Pokzmar VPN,https://d.apkpure.com/b/APK/co.strongteam.pokz?version=latest,1.9.2
LetPot,https://d.apkpure.com/b/XAPK/com.letpot?version=latest,3.0.4
YBTools,https://d.apkpure.com/b/XAPK/kr.co.reverselab.yellowbus.ybtools?version=latest,1.0
Remote for Fire TV + FireStick,https://d.apkpure.com/b/APK/com.firretv.remote.control.stick?version=latest,1.2.2
SnapDownloader - Fast Download,https://d.apkpure.com/b/APK/com.snapdownloader?version=latest,21.4
"QR Code Scanner App, QR Scan",https://d.apkpure.com/b/APK/qrcode.reader.barcode.scanner?version=latest,1.3.8
Designer Lighting,https://d.apkpure.com/b/APK/com.grove.designerlighting?version=latest,3.0.6
Call Recorder: Talker ACR Plus,https://d.apkpure.com/b/XAPK/com.talker.acr.main?version=latest,1.1.255
Yeeha!,https://d.apkpure.com/b/APK/com.yeehagames.yeeha?version=latest,1.20.1
Eachine Pro,https://d.apkpure.com/b/APK/com.lwcx.lw061?version=latest,1.6.4
电视演员 - Chromecast 的演员,https://d.apkpure.com/b/APK/com.castscreenmirroring.casttophone?version=latest,1.3.1
Evergreen Mobile,https://d.apkpure.com/b/APK/com.evergreenminer.evergreen?version=latest,1.4.03
HEIC to JPG Converter,https://d.apkpure.com/b/APK/xyz.tipsbox.pu?version=latest,1.58
"MIDI Connector - RTP, USB, BLE",https://d.apkpure.com/b/XAPK/com.awisman.midiconnectorfree?version=latest,1.15
Quikshort: Shortcut Maker,https://d.apkpure.com/b/APK/com.atolphadev.quikshort?version=latest,1.0.6
Portuguese English Translator,https://d.apkpure.com/b/APK/com.anhlt.ptentranslator?version=latest,1.10
Robot Reparador de Pixeles,https://d.apkpure.com/b/APK/com.robotpixeles.blogspot?version=latest,1.0.22
Catholic Missal 2024 & Prayers,https://d.apkpure.com/b/APK/com.BibleChants.Catholic.Prayers?version=latest,1.440
Angelo PO ACT.O,https://d.apkpure.com/b/XAPK/com.microsystems.apo?version=latest,1.1.0
Flashlight Pro: Super LED,https://d.apkpure.com/b/APK/com.an.flashlight.flashalert.flashlightpro?version=latest,1.1.2
WiFi Password: Toolkit,https://d.apkpure.com/b/APK/com.wiki.wifi.analyzer?version=latest,1.3
Huawei Watch 4 Pro App Guide,https://d.apkpure.com/b/APK/com.huaweiwatch4pro.huaweiwatch4pro?version=latest,3
remote for mxq pro 4k box,https://d.apkpure.com/b/APK/com.mxqremote.toolapp?version=latest,1.02
Domino Score,https://d.apkpure.com/b/APK/com.ali.domino.score?version=latest,1.0.0
语言翻译 - 语音翻译，照片和文本,https://d.apkpure.com/b/APK/com.sovelenn.speak.translate.all.language.translator.voice.photo?version=latest,2.5
Smart Switch : Copy My Data,https://d.apkpure.com/b/XAPK/com.transfer.share.files.send.anywhere.easymover.anyshare.smart.switch.all.data?version=latest,4.2
WOLF Service App,https://d.apkpure.com/b/APK/com.wolf_heiztechnik.replacement_parts?version=latest,7.0.37
OneTap VPN - Unlimited Proxy,https://d.apkpure.com/b/XAPK/com.onetap.androidvpn?version=latest,1.24.013100
Repair System For Phone,https://d.apkpure.com/b/APK/com.duplay.optimizer.dianxinos?version=latest,15.0
SmartHQ Service (Formerly NewF,https://d.apkpure.com/b/XAPK/com.geappliances.newfi20?version=latest,1.3.1101
glinet,https://d.apkpure.com/b/APK/xyz.goodcloud.glinet?version=latest,2.4.8
Cast TV - Cast for Chromecast,https://d.apkpure.com/b/APK/com.casttv.screencast.mirrorcast.mirroringtv?version=latest,4.4
Notification Canceller,https://d.apkpure.com/b/APK/jp.co.punigram.notican?version=latest,1.11.3
Phone Temperature,https://d.apkpure.com/b/XAPK/com.bwcreation.phone_temperature_new?version=latest,1.0.8
ToolBox,https://d.apkpure.com/b/APK/ir.shahbaz.SHZToolBox_demo?version=latest,6.8.16
Remote for Polaroid TV,https://d.apkpure.com/b/XAPK/com.technoskip.polaroidtv?version=latest,1.2.9
CITA Smart EV Connect App,https://d.apkpure.com/b/APK/com.wego.cita?version=latest,1.0.10
Rabbit Farm record management,https://d.apkpure.com/b/XAPK/fi.hassan.rabbitry?version=latest,34.0.2
Fancy Name - Style Art,https://d.apkpure.com/b/XAPK/com.bawa.fancy_fonts_style_genrator_forpubg?version=latest,3.7
QRServ - HTTP File Transfer,https://d.apkpure.com/b/XAPK/dev.uint.qrserv?version=latest,2.3.2
Franco,https://d.apkpure.com/b/XAPK/br.com.insidethebox.franco?version=latest,4.0.45
One VPN - Secure VPN Proxy,https://d.apkpure.com/b/APK/free.vpn.unblock.proxy.onevpn?version=latest,1.5.1
MailTask,https://d.apkpure.com/b/APK/com.balda.mailtask?version=latest,4.0.0
WLTE control,https://d.apkpure.com/b/XAPK/com.ruiensi.rf.hongykzjv3activitys?version=latest,1.3.2
IAudisis,https://d.apkpure.com/b/XAPK/com.audisis.iaudisis?version=latest,1.7.9.7.6.6
Ultra Tunnel,https://d.apkpure.com/b/APK/co.strongteam.ultra?version=latest,v2.0
撤柜日计算器,https://d.apkpure.com/b/XAPK/com.jazy.calculator1?version=latest,calculator2.0
金属探测器 - 金色,https://d.apkpure.com/b/APK/com.metaldetector.golddetectorapp23?version=latest,2.2
Nomad Proxy,https://d.apkpure.com/b/XAPK/com.rg.nomadproxy?version=latest,3.2.3 (273)
LED Strip Remote,https://d.apkpure.com/b/APK/com.flugzeug.ledstripremote?version=latest,1.10.215
Order +,https://d.apkpure.com/b/XAPK/com.sutantu.tiensorderplus?version=latest,1.2.1
Lock Screen Password: Pin Lock,https://d.apkpure.com/b/APK/com.lockscreen.lock.screen.quicklock?version=latest,1.3.7
Koala VPN Fast and Safe,https://d.apkpure.com/b/APK/vpn.koala.free?version=latest,265.0
软件updater - 将应用更新到最新版本,https://d.apkpure.com/b/APK/com.softwareupdate.check.appupdate.automatically?version=latest,1.2.4
离屏录像机,https://d.apkpure.com/b/APK/offscreen.video.background.camera?version=latest,1.14
Coin Value - Coin Identifier,https://d.apkpure.com/b/XAPK/com.coinidentifier.coinsnap.coinvalue.ai?version=latest,5.4
"Word Office - Docx, PDF, XLSX",https://d.apkpure.com/b/XAPK/com.xdev.docxreader.docx.docxviewer.document.doc.office.viewer.reader.word?version=latest,docx-4.115.1
Almas VPN - Fast & secure VPN,https://d.apkpure.com/b/APK/com.vpn9.almas?version=latest,1.8
PhoneBox,https://d.apkpure.com/b/XAPK/com.phonebox2021?version=latest,1.1.59
检测隐藏的摄像头 - 设备,https://d.apkpure.com/b/APK/hiddencamdetector.spycamerafinder?version=latest,1.4
WiFi Password Network Analyzer,https://d.apkpure.com/b/APK/com.appresort.wifi.analyzer.wifi.scanner.speed.test?version=latest,1.0.8
AutoClicker - Tap & Swipe,https://d.apkpure.com/b/APK/tap.slide.autoclicker.automatic.click?version=latest,1.0.16
All Video Downloader,https://d.apkpure.com/b/APK/com.video.downloader.social.media.statussaver?version=latest,1.9
Ring Sizer by Kochut Jewelry,https://d.apkpure.com/b/XAPK/com.kochutjewelry.ringsizer?version=latest,1.2.0
Algar Telecom,https://d.apkpure.com/b/APK/algar.telecom.meusservicos?version=latest,5.0.13
Gallery hide photos and video,https://d.apkpure.com/b/APK/com.visu.gallery.smart?version=latest,1.8
FA 4xx Fan Anemometer App,https://d.apkpure.com/b/XAPK/com.woehler.fa4xxfan?version=latest,1.4
ECMTools Mobile,https://d.apkpure.com/b/APK/com.drivesupport.ECMToolsMobile?version=latest,1.06.1182
Alarm and pill reminder,https://d.apkpure.com/b/APK/br.com.caiocrol.alarmandpillreminder?version=latest,1.31.1
更新软件最新,https://d.apkpure.com/b/APK/com.softwareupdate.updateblacksoftware?version=latest,2.1.7 
HShark VPN,https://d.apkpure.com/b/APK/com.hsharkvpn.panda.pro?version=latest,4.9.0
Xiaomi Redmi Buds 3 Pro Guide,https://d.apkpure.com/b/APK/com.eyadalalimi.xiaomiredmibuds3pro?version=latest,30
OBE Test,https://d.apkpure.com/b/APK/com.invigo.mobileit.demo?version=latest,4.1.93-R8.5
Remote for Infomir Mag Tv Box,https://d.apkpure.com/b/XAPK/com.RemoteforMag250Iptv.irappRemoteApp?version=latest,1.02
TV Remote Control for Ruku TV,https://d.apkpure.com/b/APK/remote.control.for.roku.tv?version=latest,3.0.12
SpeedyBee,https://d.apkpure.com/b/APK/com.runcam.android.runcambf?version=latest,2.1.1
AZV-Abfall-App AZZE,https://d.apkpure.com/b/XAPK/com.aturis.AZV.eko?version=latest,1.0.155
5G/4G LTE Force,https://d.apkpure.com/b/APK/com.dm.app.force4g.ltemode.nb?version=latest,1.12
Church Calendar,https://d.apkpure.com/b/XAPK/com.braazjr.churchcalendar?version=latest,1.22.0
Яндекс — с Алисой (бета),https://d.apkpure.com/b/APK/com.yandex.searchapp.beta?version=latest,24.17
ULTRANET LATAM,https://d.apkpure.com/b/XAPK/com.latam.vps?version=latest,1.5.0
"ZIP, RAR: File Compressor",https://d.apkpure.com/b/APK/com.unzip.extractfile.filecompress.zip?version=latest,1.2.1
百家乐量化分析预测-理性游戏,https://d.apkpure.com/b/APK/com.dwj.score_history_app?version=latest,24.2.26
Play United,https://d.apkpure.com/b/APK/com.playunited.memberapp?version=latest,3.1.2
Simplex PDV,https://d.apkpure.com/b/XAPK/br.com.ticboxsistemas.simplexpdv?version=latest,9.0.0
Fast Delete: Files & Folders,https://d.apkpure.com/b/XAPK/mobi.fast.delete?version=latest,1.11
NANLINK,https://d.apkpure.com/b/XAPK/com.nanlink.nanlink?version=latest,2.0.1
SnapTik - TT Video Saver,https://d.apkpure.com/b/APK/com.softme.tiktok.downloader?version=latest,1.0.2
Internet Speed Meter - See Rea,https://d.apkpure.com/b/APK/com.eye.internetspeedmeter?version=latest,1.3
Geforce,https://d.apkpure.com/b/APK/br.com.segware.mysecurity.geforce?version=latest,3.41.0
"Havas Takvimi, Zikirmatik, Dua",https://d.apkpure.com/b/APK/com.KoalaApps.HavaslmiAkKapalGnler?version=latest,DecemberPack
极速安全VPN,https://d.apkpure.com/b/APK/com.lausny.ocvpnaiofree?version=latest,1.10.1
ping命令,https://d.apkpure.com/b/XAPK/com.h4lsoft.ping?version=latest,1.2.12
QR Code Scanner-Barcode Reader,https://d.apkpure.com/b/APK/scanner.scan.all.qr.codes.bar.codes?version=latest,1.14
Automatic Scrolling,https://d.apkpure.com/b/XAPK/com.fusion.easyautomatic.smartscroll.automaticscroll.technoworld?version=latest,1.12
App Store Info System Setting,https://d.apkpure.com/b/XAPK/com.iandtapps.appstoresystem?version=latest,1.8
ML Manager: APK Extractor,https://d.apkpure.com/b/APK/com.javiersantos.mlmanager?version=latest,4.1
IMEI Checker Only Uzbek Users,https://d.apkpure.com/b/XAPK/com.uzimei?version=latest,0.0.10
atHome Luxembourg – Immobilier,https://d.apkpure.com/b/XAPK/lu.athome?version=latest,5.3.287
Remote for NEC TV,https://d.apkpure.com/b/XAPK/com.technoskip.nectv?version=latest,1.2.7
"All Language Translator, Voice",https://d.apkpure.com/b/APK/com.free.translate.all.language.translator.camera?version=latest,1.1.8
TicWatch Pro 5 Ultra Guide,https://d.apkpure.com/b/XAPK/ticwatch.pro5.guide?version=latest,14
OPPLE Home,https://d.apkpure.com/b/APK/com.opple.smarthome?version=latest,3.5.1
DubkiVPN. Fast & Secure VPN.,https://d.apkpure.com/b/APK/ru.dubki.vpn?version=latest,2.1
OSS Document Scanner,https://d.apkpure.com/b/XAPK/com.akylas.documentscanner?version=latest,1.4.14
z vpn:fast gaming & web access,https://d.apkpure.com/b/APK/com.dzboot.vpn?version=latest,3.0.2
Stickers de Amor,https://d.apkpure.com/b/XAPK/com.gabastudioapps.stickersdeamor?version=latest,1.3
Basra Power,https://d.apkpure.com/b/APK/com.coderiraq.basrapower.app?version=latest,1.1.0
BNB Express,https://d.apkpure.com/b/APK/au.com.bnbexpress.bnb?version=latest,1.5.1
AI Rewriter-Paraphrasing Tool,https://d.apkpure.com/b/APK/com.app.ai.rewrite?version=latest,1.3.0.0
